6001;"RJ";"AS"
6005;"RJ";"JK"
6006;"RJ";"JK"
6009;"RJ";"NE"
6201;"RJ";"BR"
6202;"RJ";"BR"
6203;"RJ";"BR"
6204;"RJ";"BR"
6205;"RJ";"BR"
6206;"RJ";"BR"
6207;"RJ";"BR"
6209;"VI";"BR"
6230;"AT";"DL"
6232;"AT";"MP"
6235;"VI";"KL"
6238;"RJ";"KL"
6260;"RJ";"MP"
6261;"RJ";"MP"
6262;"VI";"MP"
6263;"RJ";"MP"
6264;"RJ";"MP"
6265;"RJ";"MP"
6266;"RJ";"MP"
6267;"RJ";"MP"
6268;"RJ";"MP"
6269;"VI";"MP"
6280;"RJ";"PB"
6281;"RJ";
6282;"RJ";"KL"
6283;"RJ";"PB"
6284;"RJ";"PB"
6287;"AT";"BR"
6301;"RJ";"AP"
6302;"RJ";"AP"
6303;"RJ";"AP"
6304;"RJ";"AP"
6306;"RJ";"UE"
6307;"RJ";"UE"
6351;"RJ";"GJ"
6360;"RJ";"KA"
6361;"RJ";"KA"
6362;"RJ";"KA"
6363;"RJ";"KA"
6364;"AT";"KA"
6366;"AT";"KA"
6371;"RJ";"OD"
6377;"RJ";"RJ"
6380;"RJ";"TN"
6381;"RJ";"TN"
6388;"RJ";"UE"
6909;"AT";"NE"
7000;"RJ";"MP"
7001;"RJ";"WB"
7002;"RJ";"AS"
7003;"RJ";"KO"
7004;"RJ";"BR"
7005;"RJ";"NE"
7006;"RJ";"JK"
7007;"RJ";"UE"
7008;"RJ";"OR"
7009;"RJ";"PB"
7010;"RJ";"TN"
7011;"RJ";"DL"
7012;"RJ";"KL"
7013;"RJ";"AP"
7014;"RJ";"RJ"
7015;"RJ";"HR"
7016;"RJ";"GJ"
7017;"RJ";"UW"
7018;"RJ";"HP"
7019;"RJ";"KA"
7020;"RJ";"MH"
7021;"RJ";"MU"
7022;"AT";"KA"
7023;"AT";"RJ"
7024;"AT";"MP"
7025;"VI";"KL"
7026;"VI";"KA"
7027;"VI";"HR"
7028;"AT";"MH"
7029;"RJ";"WB"
7030;"VI";"MH"
7031;"AC";"WB"
7032;"AT";"AP"
7033;"AT";"BR"
7034;"VI";"KL"
7035;"AC";"AS"
7036;"VI";"AP"
7037;"TN";"UW"
7038;"VI";"MH"
7039;"VI";"MU"
7040;"AC";"MH"
7041;"TN";"GJ"
7042;"AT";"DL"
7043;"AT";"GJ"
7044;"AT";"KO"
7045;"VI";"MU"
7046;"VI";"GJ"
7047;"AT";"WB"
7048;"RJ";"DL"
7049;"VI";"MP"
7050;"TN";"BR"
7051;"AT";"JK"
7052;"VI";"UE"
7053;"AC";"DL"
7054;"AT";"UE"
7055;"VI";"UW"
7056;"VI";"HR"
7057;"VI";"MH"
7058;"TN";"MH"
7059;"AC";"KO"
7060;"AT";"UW"
7061;"RJ";"BR"
7062;"AC";"RJ"
7063;"AT";"WB"
7064;"VI";"OR"
7065;"VI";"DL"
7066;"VI";"MH"
7067;"RG";"MP"
7068;"AT";"UE"
7069;"VI";"GJ"
7070;"AT";"BR"
7071;"AC";"UE"
7072;"VI";"GJ"
7073;"AT";"RJ"
7074;"VI";"WB"
7075;"TN";"AP"
7076;"VI";"WB"
7077;"AT";"OR"
7078;"TN";"UW"
7079;"VI";"BR"
7080;"AT";"UE"
7081;"VI";"UE"
7082;"AT";"HR"
7083;"VI";"MH"
7084;"VI";"UE"
7085;"AT";"NE"
7086;"AT";"AS"
7087;"AT";"PB"
7088;"VI";"UW"
7089;"VI";"MP"
7090;"VI";"KA"
7091;"AT";"BR"
7092;"VI";"TN"
7093;"AT";"AP"
7094;"VI";"TN"
7095;"VI";"AP"
7096;"VI";"GJ"
7097;"AC";"AP"
7098;"AC";"WB"
7099;"TN";"AS"
7100;"VD";"HR"
7102;"VI";"KL"
7103;"RJ";"MH"
7138;"AT";"TN"
7200;"TD";"TN"
7204;"TD";"KA"
7205;"TD";"OR"
7206;"TD";"HR"
7207;"TD";"AP"
7208;"TD";"MU"
7209;"TD";"BR"
7210;"AC";"DL"
7217;"RJ";"DL"
7219;"AT";"MH"
7229;"VI";"RJ"
7237;"VI";"UE"
7250;"AT";"BR"
7254;"VI";"BR"
7255;"VI";"BR"
7256;"VI";"BR"
7257;"VI";"BR"
7259;"AT";"KA"
7262;"VI";"MH"
7272;"AC";"UE"
7273;"AC";"BR"
7275;"TD";"UE"
7276;"TD";"MH"
7277;"AC";"BR"
7278;"AC";"KO"
7280;"VI";"BR"
7281;"VI";"BR"
7282;"VI";"BR"
7283;"VI";"BR"
7289;"VI";"DL"
7290;"VI";"DL"
7291;"VI";"DL"
7292;"VI";"DL"
7293;"AC";"KL"
7298;"AC";"JK"
7299;"AC";"CH"
7300;"AT";"UW"
7301;"AC";"BR"
7302;"AT";"UW"
7303;"RG";"MH"
7303;"RJ";"DL"
7304;"RG";"MH"
7305;"RG";"TN"
7306;"RJ";"KL"
7306;"UN";"AP"
7307;"RG";"PB"
7307;"RJ";"UE"
7308;"RG";"NE"
7309;"ID";"UE"
7309;"VI";"UE"
7310;"AT";"UW"
7319;"AT";"BR"
7322;"VI";"BR"
7323;"VI";"BR"
7324;"VI";"BR"
7325;"AT";"OR"
7337;"AT";"KA"
7338;"AT";"KA"
7340;"AT";"RJ"
7347;"AT";"PB"
7348;"AT";"KA"
7349;"AT";"KA"
7350;"ID";"MH"
7350;"VI";"MH"
7351;"VI";"UW"
7352;"ID";"BR"
7352;"VI";"BR"
7353;"ID";"KA"
7353;"VI";"KA"
7354;"VI";"MP"
7355;"RJ";"UE"
7355;"VD";"PB"
7356;"AT";"KL"
7357;"AT";"RJ"
7358;"AT";"TN"
7359;"VI";"GJ"
7360;"VI";"BR"
7361;"VI";"BR"
7362;"VI";"BR"
7370;"VI";"BR"
7373;"AC";"TN"
7376;"CG";"UE"
7377;"ID";"OR"
7377;"VI";"OR"
7379;"VI";"UE"
7380;"AT";"PB"
7381;"VI";"OR"
7382;"CG";"AP"
7383;"VI";"GJ"
7384;"TN";"WB"
7384;"UN";"WB"
7385;"TN";"MH"
7385;"UN";"MH"
7386;"TN";"AP"
7386;"UN";"AP"
7387;"AT";"MH"
7388;"AT";"UE"
7389;"AT";"MP"
7396;"TN";"AP"
7396;"UN";"AP"
7398;"TN";"UE"
7398;"UN";"UE"
7399;"AC";"AS"
7400;"VD";"HR"
7401;"AC";"TN"
7402;"AC";"TN"
7403;"AC";"KL"
7404;"TD";"HR"
7405;"TD";"GJ"
7406;"VI";"KA"
7407;"VI";"WB"
7408;"VI";"UE"
7409;"VI";"UW"
7411;"TD";"KA"
7415;"TD";"MP"
7416;"TD";"AP"
7417;"TD";"UW"
7418;"TD";"CH"
7418;"TD";"TN"
7419;"RG";"MH"
7419;"RJ";"HR"
7428;"RG";"DL"
7429;"RG";"KL"
7439;"RG";"KO"
7446;"VI";
7449;"VI";"KO"
7450;"VI";"KO"
7463;"AT";"BR"
7474;"VI";"GJ"
7483;"RG";"KA"
7483;"RJ";"KA"
7488;"RG";"BR"
7488;"RJ";"BR"
7489;"RG";"MP"
7490;"AT";"GJ"
7491;"VI";"BR"
7493;"VI";"BR"
7494;"VI";"BR"
7498;"RG";"MU"
7499;"RG";"UE"
7500;"VI";"UW"
7501;"TD";"WB"
7502;"AC";"TN"
7503;"AC";"DL"
7504;"AC";"OR"
7505;"RG";"UE"
7506;"VI";"MU"
7507;"VI";"MH"
7508;"VI";"PB"
7510;"VI";"KL"
7517;"VI";"MH"
7518;"AT";"UE"
7520;"RG";"UW"
7520;"VI";"BR"
7530;"AC";"DL"
7530;"AC";"HAR"
7531;"AC";"DL"
7532;"AC";"DL"
7533;"AC";"DL"
7534;"VI";"UP"
7540;"AT";"TN"
7543;"AT";"BR"
7544;"VI";"BR"
7545;"VI";"BR"
7546;"VI";"BR"
7547;"VI";"BR"
7549;"VI";"BR"
7550;"VI";"KO"
7557;"VI";"BR"
7559;"VI";"KL"
7562;"VI";"BR"
7563;"VI";"BR"
7564;"VI";"BR"
7566;"VI";"MP"
7567;"VI";"GJ"
7568;"AT";"RJ"
7569;"RG";"AP"
7570;"VI";"UE"
7575;"VI";"GJ"
7577;"VI";"AS"
7579;"CG";"UW"
7585;"AT";"WB"
7587;"CG";"MP"
7588;"CG";"MH"
7589;"CG";"PB"
7597;"CG";"RJ"
7598;"CG";"TN"
7599;"CG";"UW"
7600;"VI";"GJ"
7602;"AT";"WB"
7607;"AT";"UE"
7609;"VI";"UW"
7617;"VI";"MP"
7619;"AT";"KA"
7620;"RG";"MH"
7624;"AT";"KA"
7625;"AT";"KA"
7631;"VI";"BR"
7636;"AT";"AS"
7639;"VI";"TN"
7654;"ID";"BR"
7654;"VI";"BR"
7658;"VI";"AP"
7659;"VI";"AP"
7665;"VI";"RJ"
7666;"RG";"MU"
7667;"RG";"CH"
7667;"RJ";"TN"
7668;"RG";"UE"
7669;"RG";"UW"
7670;"RG";"AP"
7671;"RJ";"AP"
7675;"AT";"AP"
7676;"RG";"KA"
7677;"RG";"BR"
7678;"RJ";"DL"
7679;"RG";"WB"
7687;"AC";"KO"
7696;"AT";"PB"
7696;"TD";"PB"
7697;"ID";"MP"
7697;"VI";"MP"
7698;"ID";"GJ"
7698;"VI";"GJ"
7699;"ID";"WB"
7699;"VI";"WB"
7700;"AT";"BR"
7701;"RJ";"DL"
7702;"AT";"AP"
7703;"RJ";"DL"
7707;"VI";"BR"
7708;"AT";"TN"
7709;"AT";"MH"
7710;"AT";"MU"
7717;"RJ";"BR"
7718;"AT";"MU"
7719;"VI";"MH"
7720;"VI";"MH"
7721;"VI";"MH"
7727;"AT";"RJ"
7731;"VI";"AP"
7735;"RG";"OR"
7736;"TD";"KL"
7737;"TD";"RJ"
7738;"AT";"MU"
7739;"AT";"BR"
7741;"ID";"MH"
7741;"VI";"MH"
7742;"AT";"RJ"
7745;"ID";"MH"
7745;"VI";"MH"
7754;"AT";"UE"
7755;"AT";"UE"
7756;"AT";"MH"
7757;"AT";"MH"
7760;"AT";"KA"
7762;"AT";"BR"
7763;"AT";"BR"
7764;"AT";"BR"
7767;"VI";"MH"
7768;"VI";"MH"
7770;"VI";"MH"
7774;"ID";"MH"
7774;"VI";"MH"
7775;"VI";"MH"
7777;"TN";"GJ"
7778;"UN";"GJ"
7779;"TN";"GJ"
7780;"VI";"BR"
7784;"AC";"UE"
7786;"AC";"UE"
7790;"AC";"RJ"
7794;"TN";"AP"
7794;"UN";"AP"
7795;"TD";"KA"
7797;"AT&T";"Intl."
7797;"VI";"WB"
7798;"VI";"MH"
7799;"VI";"AP"
7800;"VI";"UE"
7807;"AT";"HP"
7807;"ST";"HP"
7808;"ST";"BR"
7808;"VI";"BR"
7809;"AC";"OR"
7809;"ST";"OR"
7810;"AC";"TN"
7813;"RG";"KA"
7814;"RG";"PB"
7817;"RG";
7817;"RG";"GJ"
7827;"RG";"DL"
7828;"RG";"MP"
7829;"VI";"KA"
7830;"VI";"UW"
7833;"VI";"HP"
7834;"ID";"DL"
7834;"VI";"DL"
7835;"ID";"DL"
7835;"VI";"DL"
7836;"ID";"DL"
7836;"VI";"DL"
7837;"VI";"PB"
7838;"VI";"DL"
7839;"CG";"UE"
7840;"ID";"DL"
7840;"VI";"DL"
7842;"TD";"AP"
7842;"VG";"AP"
7843;"AC";"UE"
7844;"AC";"UE"
7845;"TD";"TN"
7846;"RG";"KA"
7849;"RG";"KA"
7859;"RG";"DL"
7860;"ID";"UE"
7860;"VI";"UE"
7861;"RG";"DL"
7862;"RG";"DL"
7863;"RG";"DL"
7867;"SR";"MU"
7869;"AT";"MP"
7870;"AT";"BR"
7870;"UN";"BR"
7871;"TN";"TN"
7871;"UN";"TN"
7872;"VI";"WB"
7873;"VI";"OR"
7874;"VI";"GJ"
7875;"VI";"MH"
7876;"RG";"HR"
7877;"RG";"RJ"
7878;"RG";"GJ"
7879;"RG";"MP"
7880;"AT";"UE"
7888;"RJ";"PB"
7889;"RJ";"PB"
7890;"ID";"KO"
7890;"VI";"KO"
7891;"ID";"RJ"
7891;"VI";"RJ"
7892;"RJ";"KA"
7893;"AT";"AP"
7894;"AT";"OR"
7895;"AT";"UW"
7896;"AT";"AS"
7897;"AT";"UE"
7898;"AT";"MP"
7899;"AT";"KA"
7899;"UN";"KA"
7900;"VD";"HR"
7901;"CG";"AP"
7902;"VI";"KL"
7903;"RJ";"BR"
7904;"RJ";"TN"
7905;"RJ";"UE"
7906;"RJ";"UW"
7907;"RJ";"KL"
7908;"RJ";"WB"
7930;"RG";"MH"
7961;"TD";
7972;"RJ";"MH"
7973;"RJ";"PB"
7974;"RJ";"MP"
7975;"RJ";"KA"
7976;"RJ";"RJ"
7977;"RJ";"MU"
7978;"RJ";"OR"
7979;"RJ";"BR"
7980;"RJ";"KO"
7981;"RJ";"AP"
7982;"RJ";"DL"
7983;"RJ";"UW"
7984;"RJ";"GJ"
7985;"RJ";"UE"
7986;"RJ";"PB"
7987;"RJ";"MP"
7988;"RJ";"HR"
7989;"RJ";"AP"
7990;"RJ";"GJ"
7991;"RJ";"BR"
7992;"RJ";"BR"
7994;"AT";"KL"
7995;"AT";"AP"
7996;"VI";"KA"
7997;"VI";"AP"
7998;"AC";"KO"
7999;"RJ";"MP"
8000;"RG";"GJ"
8001;"VI";"WB"
8002;"AT";"BR"
8003;"AT";"RJ"
8004;"CG";"UE"
8005;"CG";"UE"
8006;"VI";"UE"
8006;"VI";"UW"
8007;"VI";"MH"
8008;"AT";"AP"
8009;"AT";"UE"
8010;"RG";"DL"
8010;"RJ";"MH"
8011;"AT";"AS"
8012;"AC";"TN"
8013;"AC";"KO"
8014;"AC";"NE"
8015;"TD";"TN"
8016;"AT";"WB"
8017;"VI";"KO"
8018;"AT";"OR"
8019;"TD";"AP"
8020;"SR";"MU"
8024;"JT";"MU"
8030;"SR";"MU"
8050;"TD";"KA"
8051;"VI";"BR"
8052;"VI";"UE"
8053;"VI";"HR"
8054;"VI";"PB"
8055;"RG";"MH"
8056;"AT";"TN"
8057;"ID";"UW"
8058;"ID";"RJ"
8059;"ID";"HR"
8065;"TD";"KA"
8066;"TD";"KA"
8067;"TD";"KA"
8072;"RJ";"TN"
8073;"RJ";"KA"
8074;"RJ";"AP"
8075;"RJ";"KL"
8076;"RJ";"DL"
8077;"RJ";"UW"
8080;"RG";"MU"
8081;"RG";"UE"
8081;"RJ";"UE"
8082;"LM";"MU"
8083;"AC";"BR"
8084;"AT";"BR"
8085;"AT";"MP"
8086;"VI";"KL"
8087;"TD";"MH"
8088;"RG";"KA"
8089;"TD";"KL"
8090;"TD";"UE"
8091;"TD";"HP"
8092;"TD";"BR"
8093;"TD";"OR"
8094;"VI";"RJ"
8095;"VI";"KA"
8096;"ID";"AP"
8097;"TD";"MU"
8098;"VI";"TN"
8099;"RG";"AP"
8100;"RG";"KO"
8100;"RG";"WB"
8101;"RG";"WB"
8102;"RG";"BR"
8102;"RJ";"BR"
8103;"RG";"MP"
8104;"MT";"RJ"
8104;"RJ";"MU"
8105;"AT";"KA"
8106;"AT";"AP"
8107;"AT";"RJ"
8108;"ID";"MU"
8109;"TD";"MP"
8110;"VI";"TN"
8111;"ID";"KL"
8112;"RJ";"RJ"
8113;"ID";"KL"
8115;"TN";"UE"
8115;"UN";"UE"
8116;"AT";"WB"
8118;"RJ";"RJ"
8119;"AT";"NE"
8120;"AT";"MP"
8120;"ID";"MP"
8121;"ID";"AP"
8121;"ID";"HR"
8122;"TD";"TN"
8123;"TD";"KA"
8124;"ID";"TN"
8125;"TD";"AP"
8125;"TD";"HP"
8126;"AT";"UW"
8127;"AT";"UE"
8128;"AT";"GJ"
8129;"AT";"KL"
8130;"AT";"DL"
8136;"AT";"KL"
8137;"AT";"KL"
8138;"AT";"KL"
8140;"ID";"GJ"
8141;"VI";"GJ"
8142;"VI";"AP"
8143;"TD";"AP"
8144;"RG";"CH"
8145;"VI";"WB"
8146;"AT";"PB"
8147;"TD";"KA"
8148;"TD";"TN"
8149;"TD";"MH"
8150;"ID";"KA"
8151;"ID";"KA"
8152;"ID";"KA"
8157;"ID";"KL"
8158;"AT";"WB"
8159;"AT";"WB"
8168;"RJ";"HR"
8169;"RJ";"MU"
8170;"AT";
8171;"AT";"UW"
8177;"TN";"MH"
8177;"UN";"MH"
8178;"RJ";"DL"
8179;"AT";"AP"
8180;"TN";"MH"
8180;"UN";"MH"
8181;"AC";"UE"
8182;"AC";"UE"
8184;"VI";"AP"
8185;"ID";"AP"
8185;"VI";"AP"
8186;"VI";"AP"
8187;"VI";"AP"
8191;"ID";"UW"
8194;"ID";"PB"
8195;"ID";"PB"
8196;"ID";"PB"
8197;"AT";"KA"
8198;"ID";"PB"
8199;"ID";"HR"
8200;"RJ";"GJ"
8207;"VI";"BR"
8210;"RJ";"BR"
8217;"RJ";"KA"
8218;"RJ";"UW"
8219;"RJ";"HP"
8220;"AT";"TN"
8221;"ID";"HR"
8222;"ID";"HR"
8223;"ID";"MP"
8224;"ID";"MP"
8225;"ID";"MP"
8226;"ID";"MP"
8227;"TD";"RJ"
8227;"VI";"BR"
8228;"ID";"BR"
8228;"VI";"BR"
8229;"VI";"BR"
8230;"RG";"KL"
8231;"RG";"KL"
8232;"RG";"KL"
8233;"TD";"RJ"
8234;"RG";"MP"
8235;"TD";"BR"
8236;"RG";"MP"
8237;"TD";"MH"
8238;"VI";"GJ"
8239;"VI";"RJ"
8240;"RJ";"KO"
8248;"RJ";"TN"
8249;"RJ";"OR"
8250;"RJ";"WB"
8252;"RG";"BR"
8252;"RJ";"BR"
8260;"RG";"OR"
8261;"RG";"HP"
8262;"RG";"HP"
8263;"RG";"HP"
8264;"DC";"GJ"
8264;"VD";"GJ"
8265;"TD";"UW"
8266;"TD";"UW"
8267;"TD";"UW"
8268;"DC";"MU"
8268;"VD";"MU"
8269;"DC";"MP"
8269;"VD";"MP"
8270;"TN";"OR"
8270;"UN";"OR"
8271;"TN";"BR"
8271;"UN";"BR"
8273;"TN";"UW"
8275;"CG";"MH"
8277;"CG";"KA"
8278;"CG";"HR"
8279;"RJ";"UW"
8280;"CG";"OR"
8281;"CG";"KL"
8283;"AT";"PB"
8284;"AT";"PB"
8285;"AC";"DL"
8286;"AC";"MU"
8287;"RG";"DL"
8288;"AT";"PB"
8289;"AT";"PB"
8290;"AT";"RJ"
8291;"TN";"MU"
8291;"UN";"MU"
8292;"AT";"BR"
8293;"TD";"WB"
8294;"AT";"BR"
8295;"AT";"HR"
8296;"TD";"KO"
8296;"UN";"KO"
8297;"VI";"AP"
8297;"VI";"HR"
8298;"VI";"BR"
8299;"RJ";"UE"
8300;"CG";"TN"
8300;"RJ";"BR"
8301;"BG";"KL"
8301;"CG";"KL"
8302;"RG";"RJ"
8303;"RG";"UE"
8304;"BG";"KL"
8304;"CG";"KL"
8305;"RG";"MP"
8306;"RG";"GJ"
8307;"RG";"UW"
8308;"ID";"MH"
8309;"RJ";"AP"
8310;"RJ";"KA"
8313;"JT";"MU"
8317;"VI";"UW"
8318;"RJ";"UE"
8319;"RJ";"MP"
8320;"RJ";"DL"
8328;"RJ";"AP"
8329;"RJ";"MH"
8330;"CG";"AP"
8330;"CG";"KL"
8333;"TD";"RJ"
8334;"VI";"KO"
8335;"VI";"KO"
8336;"VI";"KO"
8337;"VI";"KO"
8338;"VI";"OR"
8339;"VI";"OR"
8340;"RJ";"BR"
8341;"TN";"AP"
8341;"UN";"AP"
8344;"AC";"TN"
8346;"ID";"WB"
8347;"ID";"GJ"
8348;"VI";"KO"
8349;"AT";"MP"
8357;"VI";"MP"
8358;"VI";"MP"
8359;"VI";"MP"
8360;"RJ";"PB"
8368;"RJ";"DL"
8369;"RJ";"MU"
8370;"VI";"MP"
8370;"VI";"WB"
8373;"VI";"DL"
8374;"AT";"AP"
8375;"VI";"DL"
8376;"VI";"DL"
8377;"VI";"DL"
8378;"ID";"MH"
8379;"ID";"MH"
8380;"ID";"MH"
8383;"RJ";"DL"
8383;"UN";"MU"
8384;"RJ";"DL"
8386;"AC";"RJ"
8390;"VI";"MH"
8392;"VI";"UW"
8393;"VI";"UW"
8394;"VI";"UW"
8395;"VI";"UW"
8396;"VI";"HR"
8397;"VI";"HR"
8398;"VI";"HR"
8400;"AT";"UE"
8401;"TD";"GJ"
8402;"VI";"AS"
8403;"VI";"AS"
8404;"VI";"AS"
8404;"VI";"BR"
8405;"VI";"BR"
8406;"TD";"TN"
8406;"VI";"BR"
8407;"VI";"BR"
8407;"VI";"MH"
8408;"VI";"MH"
8409;"AT";"BR"
8409;"UN";"BR"
8410;"AC";"UW"
8411;"VI";"MH"
8412;"VI";"MH"
8414;"AT";"NE"
8418;"ID";"UE"
8420;"AT";"KO"
8421;"TN";"MH"
8421;"UN";"MH"
8423;"TN";"UE"
8423;"UN";"UE"
8425;"ID";"MU"
8426;"ID";"RJ"
8427;"AT";"PB"
8428;"AT";"TN"
8430;"RG";"UW"
8431;"RG";"KA"
8432;"MT";"RJ"
8433;"MT";"RJ"
8434;"MT";"BR"
8434;"TN";"BR"
8435;"ID";"MP"
8436;"TN";"WB"
8436;"UN";"WB"
8437;"ID";"PB"
8438;"TD";"TN"
8439;"TD";"UW"
8444;"JT";"MU"
8445;"TN";"UW"
8445;"VI";"UW"
8446;"TD";"MH"
8447;"VI";"DL"
8448;"AT";"DL"
8449;"ID";"UW"
8451;"AT";"MU"
8453;"MT";"KA"
8454;"AT";"MU"
8457;"CG";"KL"
8459;"MT";"DL"
8459;"Rel";"DL"
8460;"TD";"GJ"
8465;"ID";"AP"
8467;"RG";"DL"
8468;"RG";"DL"
8469;"VI";"GJ"
8470;"RG";"DL"
8471;"RG";"DL"
8473;"TN";"UW"
8476;"ID";"UW"
8477;"ID";"UW"
8480;"CG";"OR"
8483;"TN";"MH"
8484;"TN";"MH"
8484;"UN";"MH"
8485;"TN";"MH"
8485;"UN";"MH"
8486;"VI";"AS"
8487;"UN";"GJ"
8489;"VI";"TN"
8492;"AT";"JK"
8494;"ID";"KA"
8495;"ID";"KA"
8496;"ID";"KA"
8497;"ID";"KA"
8499;"ID";"MU"
8500;"CG";"AP"
8501;"ID";"AP"
8502;"ID";"RJ"
8503;"ID";"RJ"
8504;"ID";"RJ"
8505;"ID";"DL"
8505;"ID";"RJ"
8506;"ID";"DL"
8507;"AC";"BR"
8508;"AC";"TN"
8509;"RG";"WB"
8509;"R";"WB"
8510;"ID";"DL"
8511;"AT";"GJ"
8512;"ID";"DL"
8513;"ID";"WB"
8514;"ID";"WB"
8515;"ID";"WB"
8516;"VI";"MP"
8517;"VI";"MP"
8518;"VI";"MP"
8520;"AP";
8520;"UN";"AP"
8521;"AT";"BR"
8522;"TN";"AP"
8522;"UN";"AP"
8526;"AC";"TN"
8527;"AT";"DL"
8528;"AT";"UE"
8528;"VD";"PB"
8529;"VD";"HR"
8530;"VD";"GJ"
8532;"TN";"UW"
8533;"TN";
8538;"TN";"BR"
8538;"UN";"BR"
8539;"TN";"BR"
8539;"UN";"BR"
8540;"TN";"BR"
8540;"UN";"BR"
8543;"TN";"UE"
8544;"CG";"BR"
8546;"ID";"KA"
8547;"CG";"KL"
8548;"ID";"KA"
8549;"ID";"KA"
8550;"ID";"KA"
8551;"VI";"MH"
8552;"VI";"MH"
8553;"AC";"KA"
8555;"RJ";"AP"
8557;"VI";"PB"
8558;"VI";"PB"
8560;"AC";"RJ"
8561;"AC";"RJ"
8565;"AC";"UE"
8566;"AC";"PB"
8567;"AC";"PB"
8568;"AC";"PB"
8569;"AC";"PB"
8570;"AT";"HR"
8571;"AT";"HR"
8572;"AT";"HR"
8574;"AC";"UE"
8574;"AT";"UE"
8575;"AC";"NE"
8577;"ID";"UW"
8578;"VI";"BR"
8579;"ID";"BR"
8582;"AT";"KO"
8583;"AT";"KO"
8584;"AT";"KO"
8585;"VI";"DL"
8586;"VI";"DL"
8587;"VI";"DL"
8588;"VI";"DL"
8590;"RG";"KL"
8591;"RG";"PB"
8595;"RG";"DL"
8595;"RJ";"DL"
8599;"VI";"OR"
8600;"AT";"MH"
8601;"VI";"UE"
8602;"TD";"MP"
8603;"TD";"BR"
8604;"TD";"UE"
8605;"ID";"MH"
8606;"ID";"KL"
8607;"ID";"HR"
8608;"ID";"TN"
8609;"ID";"WB"
8610;"RJ";"TN"
8617;"RJ";"KO"
8618;"RJ";"KA"
8621;"AC";"KO"
8622;"AC";"KO"
8630;"RJ";"UW"
8639;"RJ";"AP"
8642;"MT";"WB"
8650;"VI";"UW"
8651;"ID";"BR"
8652;"ID";"MH"
8653;"AT";"WB"
8655;"TD";"MU"
8657;"VI";"MU"
8658;"AT";"OR"
8660;"RJ";"KA"
8667;"RJ";"TN"
8668;"RJ";"TN"
8670;"AT";"WB"
8674;"VI";"BR"
8675;"AC";"TN"
8676;"VI";"BR"
8677;"VI";"BR"
8678;"VI";"BR"
8679;"AC";"HP"
8680;"ID";"TN"
8681;"ID";"TN"
8682;"ID";"TN"
8683;"ID";"HR"
8684;"ID";"HR"
8685;"ID";"HR"
8685;"VI";"DL"
8686;"AC";"AP"
8687;"RG";"UE"
8688;"RG";"AP"
8690;"AT";"RJ"
8691;"ID";"MU"
8695;"RG";"TN"
8696;"VI";"RJ"
8697;"VI";"KO"
8697;"VI";"WB"
8698;"VI";"MH"
8699;"AT";"PB"
8699;"TD";"PB"
8700;"RJ";"DL"
8707;"RJ";"UE"
8708;"RJ";"HR"
8709;"RJ";"BR"
8710;"MS";"KA"
8711;"MS";"KA"
8711;"MT";"KA"
8712;"T24";"AP"
8712;"TD";"AP"
8713;"VI";"JK"
8714;"TD";"KL"
8715;"VI";"JK"
8716;"VI";"JK"
8722;"ID";"KA"
8724;"VI";"AS"
8726;"ID";"UE"
8728;"ID";"PB"
8741;"ID";"RJ"
8742;"ID";"DL"
8743;"ID";"DL"
8744;"ID";"DL"
8745;"ID";"DL"
8746;"ID";"KA"
8746;"SP";"KA"
8747;"ID";"KA"
8748;"ID";"KA"
8749;"ID";"KA"
8750;"ID";"DL"
8752;"CG";"AP"
8754;"AT";"TN"
8755;"AT";"UW"
8756;"AT";"UE"
8757;"AT";"BR"
8758;"VI";"GJ"
8759;"AC";"WB"
8760;"AC";"TN"
8762;"CC";"KA"
8763;"CG";"OR"
8764;"CG";"RJ"
8765;"CG";"UE"
8766;"RG";"RJ"
8766;"RJ";"DL"
8767;"RG";"MU"
8768;"VI";"WB"
8769;"AT";"RJ"
8770;"RJ";"MP"
8777;"RJ";"KO"
8778;"RJ";"TN"
8786;"SR";"MH"
8787;"RJ";"MH"
8788;"RJ";"MH"
8789;"RJ";"BR"
8790;"AT";"AP"
8791;"TD";"UW"
8792;"T24";"KA"
8793;"TD";"MH"
8794;"VI";"NE"
8795;"VI";"UE"
8796;"AC";"MH"
8797;"TD";"BR"
8798;"RG";"WB"
8799;"RG";"UE"
8800;"AT";"DL"
8801;"AC";"AP"
8802;"AC";"DL"
8803;"AC";"JK"
8804;"AC";"BR"
8805;"ID";"MH"
8806;"VI";"MH"
8807;"TD";"TN"
8808;"ID";"UE"
8809;"AT";"BR"
8810;"RG";"UW"
8810;"RJ";"DL"
8811;"AC";"AS"
8811;"AT";"AS"
8812;"AT";"AS"
8813;"VI";"HR"
8814;"VI";"HR"
8815;"RJ";"MP"
8815;"R";"MP"
8816;"VI";"HR"
8817;"RG";"MP"
8820;"RG";"KO"
8822;"RG";"AS"
8823;"VI";"MP"
8824;"RJ";"RJ"
8825;"DC";"TN"
8825;"RJ";"TN"
8826;"AT";"DL"
8827;"AT";"MP"
8828;"DC";"MU"
8828;"VD";"MU"
8838;"RJ";"TN"
8839;"RJ";"MP"
8840;"RJ";"UE"
8844;"LM";"MU"
8848;"RJ";"KL"
8849;"RJ";"GJ"
8851;"RJ";"DL"
8853;"AT";"UE"
8855;"TN";"MH"
8855;"UN";"MH"
8858;"TN";"UE"
8858;"UN";"UE"
8859;"VI";"UW"
8860;"VI";"DL"
8861;"AT";"KA"
8862;"TN";"MH"
8862;"UN";"MH"
8863;"TN";"BR"
8863;"UN";"BR"
8866;"TD";"GJ"
8867;"TD";"KA"
8870;"AT";"TN"
8871;"TD";"MP"
8872;"ID";"PB"
8873;"ID";"BR"
8874;"VI";"UE"
8875;"VI";"RJ"
8876;"VI";"AS"
8877;"VI";"BR"
8878;"VI";"MP"
8879;"VI";"MU"
8880;"RG";"KA"
8880;"RJ";"NE"
8881;"RG";"UW"
8881;"VI";"UE"
8882;"RG";"DL"
8882;"RJ";"DL"
8883;"AC";"TN"
8884;"VI";"KA"
8885;"TD";"AP"
8886;"VI";"AP"
8887;"RJ";"UE"
8888;"ID";"MH"
8889;"ID";"MP"
8890;"AT";"RJ"
8891;"TD";"KL"
8892;"AC";"KA"
8893;"RG";"KL"
8894;"AT";"HP"
8895;"CG";"OR"
8896;"AC";"UE"
8897;"AT";"AP"
8898;"AC";"MU"
8899;"RG";"UW"
8900;"CG";"WB"
8901;"CG";"HR"
8902;"CG";"KO"
8903;"CG";"TN"
8904;"TD";"KA"
8905;"AT";"RJ"
8905;"RG";"GJ"
8906;"AC";"WB"
8907;"AC";"KL"
8908;"AC";"OR"
8909;"AC";"UW"
8910;"RJ";"KO"
8917;"RJ";"OR"
8918;"RJ";"WB"
8919;"RJ";"AP"
8920;"RJ";"DL"
8921;"RJ";"KL"
8923;"TN";"UW"
8923;"UN";"UW"
8925;"MT";"CH"
8926;"MT";"WB"
8927;"AT&T";"Intl."
8928;"RG";"MH"
8929;"RG";"HR"
8929;"VI";"DL"
8930;"VI";"HR"
8933;"ID";"UE"
8933;"ID";"UP E"
8934;"ID";"UE"
8935;"ID";"UE"
8938;"ID";"UW"
8939;"VI";"CH"
8940;"VI";"TN"
8943;"VI";"KL"
8947;"AC";"RJ"
8948;"VI";"UE"
8949;"RJ";"RJ"
8950;"TD";"HR"
8951;"TD";"KA"
8952;"AT";"NE"
8953;"AT";"UE"
8954;"VI";"UE"
8955;"RG";"RJ"
8956;"RG";"MH"
8957;"RG";"UE"
8958;"ID";"UW"
8959;"ID";"MP"
8960;"TD";"UE"
8961;"TD";"KO"
8962;"TD";"MP"
8965;"ID";"MP"
8967;"AT";"WB"
8968;"AT";"PB"
8969;"AT";"BR"
8970;"ID";"KA"
8971;"AT";"KA"
8972;"AT";"WB"
8973;"AC";"TN"
8974;"AT";"NE"
8975;"ID";"MH"
8976;"TD";"MH"
8976;"TD";"MU"
8977;"TD";"AP"
8978;"AT";"AP"
8979;"AT";"UW"
8980;"VI";"GJ"
8981;"TD";"KO"
8982;"TD";"MP"
8983;"TD";"MH"
8984;"TD";"OR"
8985;"CG";"AP"
8986;"CG";"BR"
8987;"CG";"BR"
8988;"CG";"HP"
8989;"CG";"MP"
8990;"CG";"MP"
8991;"CG";"MH"
8992;"CG";"PB"
8993;"CG";"RJ"
8994;"CG";"TN"
8995;"CG";"UW"
8996;"CG";"UW"
8997;"AT";"RJ"
8999;"AT";"MU"
8999;"RJ";"MH"
9000;"AT";"AP"
9001;"AT";"RJ"
9002;"AT";"WB"
9003;"AT";"TN"
9004;"AT";"MU"
9005;"AT";"UE"
9006;"AT";"BR"
9007;"AT";"KO"
9008;"AT";"KA"
9009;"ID";"MP"
9009;"VI";"MP"
9010;"ID";"AP"
9010;"VI";"AP"
9011;"ID";"MH"
9011;"VI";"MH"
9012;"ID";"UW"
9012;"VI";"UW"
9013;"DP";"DL"
9014;"RG";"AP"
9014;"RJ";"AP"
9015;"RG";"DL"
9015;"RJ";"HP"
9016;"RG";"GJ"
9016;"RJ";"GJ"
9017;"RG";"HR"
9018;"RG";"JK"
9019;"RG";"KA"
9019;"RJ";"KA"
9020;"RG";"KL"
9021;"RG";"MH"
9022;"RG";"MU"
9022;"RJ";"MH"
9023;"RG";"PB"
9023;"RJ";"GJ"
9024;"RG";"RJ"
9024;"RJ";"RJ"
9025;"RG";"CH"
9025;"RJ";"TN"
9026;"RG";"UE"
9026;"RJ";"UE"
9027;"RG";"UW"
9027;"RJ";"UW"
9028;"TD";"MH"
9029;"TD";"MU"
9030;"TD";"AP"
9031;"TD";"BR"
9032;"TD";"AP"
9033;"TD";"GJ"
9034;"TD";"HR"
9035;"TD";"KA"
9036;"TD";"KA"
9037;"TD";"KL"
9038;"TD";"KO"
9039;"TD";"MP"
9040;"TD";"OR"
9041;"TD";"PB"
9042;"TD";"TN"
9043;"TD";"TN"
9044;"TD";"UE"
9045;"TD";"UW"
9046;"TD";"WB"
9047;"VI";"TN"
9048;"VI";"KL"
9049;"VI";"MH"
9050;"VI";"HR"
9051;"VI";"KO"
9052;"VI";"AP"
9053;"TN";"HR"
9053;"UN";"HR"
9054;"TN";"HP"
9054;"UN";"HP"
9055;"TN";"JK"
9055;"UN";"JK"
9056;"TN";"PB"
9056;"UN";"PB"
9057;"TN";"RJ"
9057;"UN";"RJ"
9058;"TN";"UW"
9058;"UN";"UW"
9059;"TN";"AP"
9059;"UN";"AP"
9060;"AT";"BR"
9060;"UN";"KA"
9061;"TN";"KL"
9061;"UN";"KL"
9062;"TN";"KO"
9062;"UN";"KO"
9063;"DC";"AP"
9063;"VD";"AP"
9064;"DC";"AS"
9064;"VD";"AS"
9065;"DC";"BR"
9065;"VD";"BR"
9066;"AC";"KA"
9066;"DC";"DL"
9067;"DC";"GJ"
9067;"VD";"GJ"
9068;"AT";"UW"
9068;"DC";"HR"
9069;"AC";"DL"
9069;"DC";"HP"
9070;"DC";"JK"
9070;"VD";"JK"
9071;"DC";"KA"
9071;"ID";"KA"
9072;"DC";"KL"
9072;"VI";"KL"
9073;"DC";"KO"
9073;"VI";"KO"
9074;"RJ";"KL"
9074;"VD";"MP"
9075;"DC";"MH"
9075;"ID";"MH"
9076;"DC";"MU"
9076;"VD";"MU"
9077;"DC";"NE"
9077;"VD";"NE"
9078;"DC";"OR"
9078;"VD";"OR"
9079;"DC";"RJ"
9079;"RJ";"RJ"
9080;"DC";"TN"
9080;"RJ";"TN"
9081;"DC";"UE"
9081;"VD";"UE"
9082;"DC";"UW"
9082;"VD";"UW"
9083;"DC";"WB"
9083;"VD";"WB"
9084;"TN";"UW"
9084;"UN";"DL"
9085;"ID";"AS"
9086;"ID";"JK"
9087;"ID";"KA"
9087;"ID";"TN"
9088;"ID";"KO"
9089;"ID";"NE"
9090;"ID";"OR"
9091;"ID";"PB"
9091;"ID";"WB"
9092;"ID";"CH"
9092;"ID";"TN"
9093;"ID";"WB"
9094;"AC";"CH"
9095;"AC";"TN"
9096;"AT";"MH"
9097;"AC";"BR"
9098;"RG";"MP"
9099;"VI";"GJ"
9100;"AT";"AP"
9100;"LM";"AP"
9101;"LM";"AS"
9101;"RJ";"AS"
9102;"AT";"BR"
9102;"LM";"BR"
9103;"AT";"AP"
9103;"LM";"DL"
9104;"AT";"GJ"
9104;"LM";"MP"
9105;"LM";"HR"
9106;"LM";"HP"
9107;"LM";"JK"
9108;"AT";"KA"
9108;"LM";"KA"
9109;"AT";"MP"
9109;"LM";"KL"
9110;"LM";"KO"
9110;"RJ";"KA"
9111;"LM";"MP"
9111;"VI";"MP"
9112;"LM";"MH"
9112;"VI";"MH"
9113;"LM";"NE"
9113;"RJ";"KA"
9114;"LM";"OR"
9115;"LM";"PB"
9116;"AT";"RJ"
9116;"LM";"RJ"
9117;"LM";"TN"
9117;"VI";"BR"
9118;"LM";"UE"
9119;"AT";"UE"
9119;"LM";"UW"
9120;"LM";"WB"
9121;"AT";"AP"
9121;"UN";"AS"
9122;"AT";"BR"
9122;"UN";"BR"
9123;"RJ";"BR"
9123;"UN";"NE"
9124;"TN";"OR"
9124;"UN";"OR"
9125;"TN";"UE"
9125;"UN";"UE"
9126;"TN";"WB"
9126;"UN";"WB"
9127;"ST";"AS"
9128;"ST";"BR"
9128;"VI";"BR"
9129;"AT";"UE"
9129;"ST";"HP"
9130;"ST";"JK"
9130;"VI";"MH"
9131;"RJ";"MP"
9131;"ST";"NE"
9132;"ST";"OR"
9133;"MT";"AP"
9134;"MT";"AS"
9135;"MT";"BR"
9135;"VI";"BR"
9136;"AT";"MU"
9136;"MT";"DL"
9137;"MT";"GJ"
9137;"RJ";"MU"
9138;"AT";"HR"
9138;"MT";"HR"
9139;"MT";"HP"
9140;"MT";"JK"
9140;"RJ";"UE"
9141;"CG";"KA"
9141;"MT";"KA"
9142;"MT";"KL"
9142;"RJ";"BR"
9143;"MT";"KO"
9144;"MT";"MP"
9145;"MT";"MH"
9146;"MT";"MU"
9147;"MT";"NE"
9148;"AT";"KA"
9148;"MT";"OR"
9149;"MT";"PB"
9150;"AT";"TN"
9150;"MT";"CH"
9151;"MT";"UE"
9151;"TD";"UE"
9152;"MT";"UW"
9152;"VI";"MU"
9153;"MT";"KO"
9154;"ID";"AP"
9154;"TN";"AP"
9155;"AT";"BR"
9155;"UN";"BR"
9156;"ID";"HR"
9156;"TN";"MH"
9157;"ID";"MH"
9157;"TN";"GJ"
9158;"VI";"MH"
9159;"VI";"TN"
9160;"VI";"AP"
9161;"VI";"UE"
9162;"AT";"BR"
9163;"AT";"KO"
9164;"ID";"KA"
9165;"AT";"MP"
9166;"AT";"RJ"
9167;"VI";"MU"
9168;"ET";"TN"
9168;"VI";"MH"
9169;"AC";"UE"
9169;"ET";"UE"
9170;"ET";"UW"
9170;"TN";"UE"
9171;"TN";"CH"
9171;"UN";"CH"
9172;"TN";"MU"
9172;"UN";"MU"
9173;"TN";"GJ"
9173;"UN";"GJ"
9174;"TN";"MP"
9174;"UN";"MP"
9175;"TN";"MH"
9175;"UN";"MH"
9176;"VI";"CH"
9177;"AT";"AP"
9178;"AT";"OR"
9179;"AT";"MP"
9180;"CC";"AP"
9180;"CG";"AP"
9181;"CC";"AS"
9181;"CG";"AS"
9182;"CC";"BR"
9182;"RJ";"AP"
9183;"CC";"CH"
9183;"CG";"CH"
9184;"CC";"GJ"
9184;"CG";"GJ"
9185;"CC";"HP"
9185;"CG";"HP"
9186;"CC";"JK"
9186;"CG";"JK"
9187;"CC";"KA"
9187;"CG";"KA"
9188;"CC";"KL"
9188;"CG";"KL"
9189;"CC";"KO"
9189;"CG";"KO"
9190;"CC";"MP"
9190;"CG";"MP"
9191;"CC";"NE"
9191;"CG";"NE"
9192;"CC";"OR"
9192;"CG";"OR"
9193;"CC";"PB"
9193;"CG";"PB"
9194;"CC";"RJ"
9194;"CG";"RJ"
9195;"CC";"TN"
9195;"CG";"TN"
9196;"CC";"UE"
9196;"CG";"UE"
9197;"CC";"WB"
9197;"CG";"WB"
9198;"AT";"UE"
9199;"AT";"BR"
9200;"TD";"MP"
9201;"TD";"MP"
9202;"TD";"MP"
9203;"TD";"MP"
9204;"TD";"BR"
9205;"AT";"DL"
9205;"TD";"JK"
9206;"TD";"NE"
9207;"TD";"AS"
9207;"VI";"KL"
9208;"TD";"UE"
9209;"TD";"MH"
9210;"TD";"DL"
9211;"TD";"DL"
9212;"TD";"DL"
9213;"TD";"DL"
9214;"TD";"RJ"
9215;"TD";"HR"
9216;"TD";"PB"
9217;"TD";"PB"
9218;"TD";"HP"
9219;"TD";"UW"
9220;"TD";"MU"
9221;"TD";"MU"
9222;"TD";"MU"
9223;"TD";"MU"
9224;"TD";"MU"
9225;"TD";"MH"
9226;"TD";"MH"
9227;"TD";"GJ"
9228;"TD";"GJ"
9229;"TD";"MP"
9230;"TD";"KO"
9231;"TD";"KO"
9232;"TD";"WB"
9233;"TD";"WB"
9234;"TD";"BR"
9235;"TD";"UE"
9236;"TD";"UE"
9237;"TD";"OR"
9238;"TD";"OR"
9239;"TD";"KO"
9240;"TD";"CH"
9241;"TD";"KA"
9242;"TD";"KA"
9243;"TD";"KA"
9244;"TD";"TN"
9245;"TD";"TN"
9246;"TD";"AP"
9247;"TD";"AP"
9248;"TD";"AP"
9249;"TD";"KL"
9250;"TD";"DL"
9251;"TD";"RJ"
9252;"TD";"RJ"
9253;"TD";"HR"
9254;"TD";"HR"
9255;"TD";"HR"
9256;"TD";"PB"
9257;"TD";"PB"
9258;"TD";"UW"
9259;"TD";"UW"
9260;"TD";"MH"
9261;"TD";"RJ"
9262;"AT";"BR"
9262;"TD";"TN"
9263;"TD";"BR"
9264;"TD";"TN"
9265;"TD";"MH"
9266;"TD";"DL"
9267;"TD";"TN"
9268;"TD";"DL"
9269;"TD";"RJ"
9270;"TD";"MH"
9271;"TD";"MH"
9272;"TD";"MH"
9273;"TD";"MH"
9274;"TD";"GJ"
9275;"TD";"GJ"
9276;"TD";"GJ"
9277;"TD";"GJ"
9278;"TD";"DL"
9279;"TD";"BR"
9280;"TD";"CH"
9281;"TD";"CH"
9282;"TD";"CH"
9283;"TD";"CH"
9284;"RJ";"MH"
9284;"TD";"CH"
9285;"TD";"CH"
9285;"VI";
9286;"TD";"UW"
9287;"TD";"KL"
9288;"TD";"KL"
9289;"TD";"DL"
9290;"TD";"AP"
9291;"TD";"AP"
9292;"TD";"AP"
9293;"TD";"AP"
9294;"TD";"AP"
9295;"TD";"AP"
9296;"TD";"AP"
9297;"TD";"AP"
9298;"TD";"AP"
9299;"TD";"AP"
9301;"RJ";"MP"
9302;"RJ";"MP"
9304;"RJ";"BR"
9305;"RJ";"UE"
9306;"RJ";"HR"
9308;"RJ";"OR"
9309;"RG";"RJ"
9309;"RJ";"MH"
9310;"RG";"DL"
9310;"RJ";"DL"
9311;"AT";"DL"
9311;"RG";"DL"
9312;"RG";"DL"
9313;"RG";"DL"
9313;"RJ";"GJ"
9314;"RG";"RJ"
9315;"RG";"HR"
9315;"RJ";"DL"
9316;"RG";"PB"
9316;"RJ";"GJ"
9317;"RG";"PB"
9317;"RJ";"HP"
9318;"RG";"HP"
9318;"RJ";"DL"
9319;"AT";"DL"
9319;"RG";"UW"
9320;"RG";"MU"
9321;"RG";"MU"
9321;"RJ";"MU"
9322;"RG";"MU"
9322;"RJ";"MH"
9323;"RG";"MU"
9324;"RG";"MU"
9324;"RJ";"MU"
9325;"RG";"MH"
9325;"RJ";"MH"
9326;"RG";"MH"
9326;"RJ";"MU"
9327;"RG";"GJ"
9327;"RJ";"GJ"
9328;"RG";"GJ"
9328;"RJ";"GJ"
9329;"RG";"MP"
9330;"RG";"KO"
9330;"RJ";"KO"
9331;"RG";"KO"
9332;"RG";"WB"
9333;"RG";"WB"
9334;"RG";"BR"
9334;"RJ";"BR"
9335;"RG";"UE"
9335;"RJ";"UE"
9336;"RG";"UE"
9336;"RJ";"UE"
9337;"RG";"OR"
9337;"RJ";"OR"
9338;"RG";"OR"
9339;"RG";"KO"
9340;"RG";"CH"
9340;"RJ";"MP"
9341;"RG";"KA"
9341;"RJ";"BR"
9342;"RG";"KA"
9343;"RG";"KA"
9343;"RJ";"KA"
9344;"RG";"TN"
9344;"RJ";"TN"
9345;"RG";"TN"
9345;"RJ";"TN"
9346;"RG";"AP"
9346;"RJ";"AP"
9347;"RG";"AP"
9347;"RJ";"AP"
9348;"RG";"AP"
9348;"RJ";"OR"
9349;"RG";"KL"
9349;"RJ";"KL"
9350;"RG";"DL"
9350;"RJ";"HR"
9351;"RG";"RJ"
9352;"RG";"RJ"
9353;"RG";"HR"
9353;"RJ";"KA"
9354;"RG";"HR"
9354;"RJ";"DL"
9355;"ID";"DL"
9355;"RG";"HR"
9356;"RG";"PB"
9356;"RJ";"MH"
9357;"RG";"PB"
9358;"AT";"RJ"
9358;"RG";"UW"
9359;"RG";"UW"
9359;"RJ";"MH"
9360;"RG";"TN"
9360;"RJ";"TN"
9361;"RG";"TN"
9362;"RG";"TN"
9363;"RG";"TN"
9364;"RG";"TN"
9365;"RG";"TN"
9366;"RG";"TN"
9367;"RG";"TN"
9368;"RG";"UW"
9368;"RJ";"UW"
9369;"RG";"UE"
9369;"RJ";"UE"
9370;"RG";"MH"
9370;"RJ";"MH"
9371;"ID";"MH"
9371;"RG";"MH"
9372;"RG";"MH"
9372;"RJ";"MU"
9373;"RG";"MH"
9373;"RJ";"MH"
9374;"RG";"GJ"
9374;"VI";"RJ"
9375;"RG";"GJ"
9375;"VI";"RJ"
9376;"RG";"GJ"
9376;"VI";"RJ"
9377;"RG";"GJ"
9378;"AT";"NE"
9378;"RG";"WB"
9379;"RG";"KA"
9380;"RG";"CH"
9380;"RJ";"KA"
9381;"RG";"CH"
9381;"RJ";"AP"
9382;"RG";"CH"
9382;"RJ";"WB"
9383;"CG";"KL"
9383;"RG";"CH"
9384;"AT";"TN"
9384;"RG";"CH"
9385;"RG";"CH"
9386;"RG";"BR"
9387;"RG";"KL"
9388;"RG";"KL"
9389;"RG";"UE"
9389;"RJ";"UW"
9390;"RG";"AP"
9390;"RJ";"AP"
9391;"RG";"AP"
9391;"RJ";"AP"
9392;"RG";"AP"
9392;"RJ";"AP"
9393;"RG";"AP"
9394;"RG";"AP"
9395;"RG";"AP"
9396;"RG";"AP"
9397;"RG";"AP"
9398;"RG";"AP"
9398;"RJ";"AP"
9399;"RG";"AP"
9400;"CG";"KL"
9401;"CG";"AS"
9402;"CG";"NE"
9403;"CG";"MH"
9404;"CG";"MH"
9405;"CG";"MH"
9406;"CG";"MP"
9407;"CG";"MP"
9408;"CG";"GJ"
9409;"CG";"GJ"
9410;"CG";"UW"
9411;"CG";"UW"
9412;"CG";"UW"
9413;"CG";"RJ"
9414;"CG";"RJ"
9415;"CG";"UE"
9416;"CG";"HR"
9417;"CG";"PB"
9418;"CG";"HP"
9419;"CG";"JK"
9420;"CG";"MH"
9421;"CG";"MH"
9422;"CG";"MH"
9423;"CG";"MH"
9424;"CG";"MP"
9425;"CG";"MP"
9426;"CG";"GJ"
9427;"CG";"GJ"
9428;"CG";"GJ"
9429;"CG";"GJ"
9430;"CG";"BR"
9431;"CG";"BR"
9432;"CG";"KO"
9433;"CG";"KO"
9434;"CG";"WB"
9435;"CG";"AS"
9436;"CG";"NE"
9437;"CG";"OR"
9438;"CG";"OR"
9439;"CG";"OR"
9440;"CG";"AP"
9441;"CG";"AP"
9442;"CG";"TN"
9443;"CG";"TN"
9444;"CG";"CH"
9445;"CG";"CH"
9445;"CG";"TN"
9446;"CG";"KL"
9447;"CG";"KL"
9448;"CG";"KA"
9449;"CG";"KA"
9450;"CG";"UE"
9451;"CG";"UE"
9452;"CG";"UE"
9453;"CG";"UE"
9454;"CG";"UE"
9455;"CG";"UE"
9456;"CG";"UW"
9457;"CG";"UW"
9458;"CG";"UW"
9459;"CG";"HP"
9460;"CG";"RJ"
9461;"CG";"RJ"
9462;"CG";"RJ"
9463;"CG";"PB"
9464;"CG";"PB"
9465;"CG";"PB"
9466;"CG";"HR"
9467;"CG";"HR"
9468;"CG";"HR"
9469;"CG";"JK"
9470;"CG";"BR"
9471;"CG";"BR"
9472;"CG";"BR"
9473;"CG";"BR"
9473;"CG";"UE"
9474;"CG";"WB"
9475;"CG";"WB"
9476;"CG";"WB"
9477;"CG";"KO"
9478;"CG";"PB"
9479;"CG";"MP"
9480;"CG";"KA"
9481;"CG";"KA"
9482;"CG";"KA"
9483;"CG";"KA"
9484;"CG";"JK"
9484;"CG";"KA"
9485;"CG";"KA"
9485;"CG";"NE"
9486;"CG";"TN"
9487;"CG";"TN"
9488;"CG";"TN"
9489;"CG";"TN"
9490;"CG";"AP"
9491;"CG";"AP"
9492;"CG";"AP"
9492;"CG";"MP"
9493;"CG";"AP"
9494;"CG";"AP"
9495;"CG";"KL"
9496;"CG";"KL"
9497;"CG";"KL"
9498;"CG";"CH"
9499;"CG";"CH"
9500;"AT";"TN"
9501;"AT";"PB"
9502;"AT";"AP"
9503;"AT";"MH"
9504;"AC";"BR"
9505;"ID";"AP"
9505;"VI";"AP"
9506;"ID";"UE"
9506;"VI";"UE"
9507;"ID";"BR"
9507;"VI";"BR"
9508;"RG";"AS"
9508;"RJ";"BR"
9509;"RG";"RJ"
9509;"RJ";"RJ"
9510;"RG";"GJ"
9510;"RJ";"GJ"
9511;"ET";"MH"
9512;"ET";"GJ"
9512;"VI";"GJ"
9513;"CG";"KA"
9513;"VI";"KA"
9514;"ET";"TN"
9515;"AT";"AP"
9515;"ET";"AP"
9516;"ET";"KL"
9517;"ET";"PB"
9518;"ET";"HR"
9518;"RJ";"HR"
9519;"ET";"UE"
9520;"ET";"UW"
9521;"ET";"RJ"
9522;"ET";"MP"
9523;"ET";"BR"
9524;"AC";"TN"
9525;"ID";"BR"
9525;"VI";"BR"
9526;"ID";"KL"
9526;"VI";"KL"
9527;"ID";"MH"
9527;"VI";"MH"
9528;"RG";"UW"
9528;"RJ";"UW"
9529;"RG";"RJ"
9529;"RJ";"MH"
9530;"CG";"RJ"
9530;"RJ";"RJ"
9531;"CG";"WB"
9532;"CG";"UE"
9533;"RG";"AP"
9534;"VI";"BR"
9535;"AT";"KA"
9536;"VI";"UW"
9537;"VI";"GJ"
9538;"VI";"KA"
9539;"VI";"KL"
9540;"ID";"DL"
9540;"VI";"DL"
9541;"AT";"JK"
9541;"RG";"HR"
9542;"ID";"AP"
9542;"VI";"AP"
9543;"RG";"CH"
9544;"ID";"KL"
9544;"VI";"KL"
9545;"VI";"MH"
9546;"AT";"BR"
9547;"AT";"WB"
9548;"RG";"UW"
9548;"RJ";"UW"
9549;"VI";"RJ"
9550;"AT";"AP"
9551;"AC";"CH"
9552;"ID";"MH"
9552;"VI";"MH"
9553;"ID";"AP"
9554;"VI";"UE"
9555;"RG";"DL"
9555;"RJ";"UE"
9556;"AT";"OR"
9557;"AT";"UW"
9558;"AT";"GJ"
9559;"AT";"UE"
9560;"AT";"DL"
9561;"AT";"MH"
9562;"ID";"KL"
9563;"AC";"WB"
9564;"VI";"WB"
9565;"VI";"UE"
9566;"AT";"TN"
9567;"AT";"KL"
9568;"ID";"UW"
9569;"RG";"PB"
9569;"RJ";"UE"
9570;"VI";"BR"
9571;"AT";"RJ"
9571;"VI";"RJ"
9572;"AT";"BR"
9573;"AT";"AP"
9574;"ID";"GJ"
9575;"ID";"MP"
9576;"ID";"BR"
9576;"VI";"BR"
9577;"AC";"AS"
9578;"AC";"TN"
9579;"DC";"MH"
9579;"RJ";"MH"
9580;"RG";"UE"
9580;"RJ";"UE"
9581;"VI";"AP"
9582;"VI";"DL"
9583;"VI";"OR"
9584;"VI";"MP"
9585;"VI";"TN"
9586;"VI";"GJ"
9587;"VI";"RJ"
9588;"ET";"MU"
9588;"RJ";"HR"
9589;"AT";"MP"
9590;"RG";"KA"
9591;"AT";"KA"
9592;"ID";"PB"
9592;"VI";"PB"
9593;"VI";"WB"
9594;"ID";"MU"
9595;"RG";"MH"
9596;"AT";"JK"
9597;"AT";"TN"
9598;"ID";"UE"
9599;"AT";"DL"
9599;"ET";"DL"
9600;"AT";"TN"
9601;"AT";"GJ"
9602;"AT";"RJ"
9603;"ID";"AP"
9603;"VI";"AP"
9604;"ID";"MH"
9604;"VI";"MH"
9605;"ID";"KL"
9605;"VI";"KL"
9606;"AT";"KA"
9606;"RG";"NE"
9607;"RG";"AS"
9608;"RG";"BR"
9608;"RJ";"BR"
9609;"VI";"WB"
9610;"VI";"RJ"
9611;"AT";"KA"
9612;"AT";"NE"
9613;"AC";"AS"
9614;"AC";"WB"
9615;"AC";"NE"
9616;"ID";"UE"
9616;"VI";"UE"
9617;"ID";"MP"
9617;"VI";"MP"
9618;"AT";"AP"
9619;"VI";"MU"
9620;"VI";"KA"
9621;"AT";"UE"
9622;"AT";"JK"
9623;"ID";"MH"
9623;"VI";"MH"
9624;"ID";"GJ"
9624;"VI";"GJ"
9625;"RG";"HP"
9625;"RJ";"DL"
9626;"VI";"TN"
9627;"VI";"UW"
9628;"VI";"UE"
9629;"AT";"TN"
9630;"AT";"MP"
9631;"AT";"BR"
9632;"AT";"KA"
9633;"AT";"KL"
9634;"AT";"UW"
9635;"AT";"WB"
9636;"AT";"RJ"
9637;"VI";"MH"
9638;"VI";"GJ"
9639;"ID";"UW"
9639;"VI";"UW"
9640;"ID";"AP"
9640;"VI";"AP"
9641;"RG";"WB"
9641;"RJ";"WB"
9642;"VI";"AP"
9643;"UN";"BR"
9643;"VI";"DL"
9644;"UN";"MP"
9644;"VI";"MP"
9645;"VI";"KL"
9646;"VI";"PB"
9647;"VI";"WB"
9648;"VI";"UE"
9649;"VI";"RJ"
9650;"AT";"DL"
9651;"AT";"UE"
9652;"AT";"AP"
9653;"RJ";"UE"
9653;"VD";"PB"
9654;"VI";"DL"
9655;"VI";"TN"
9656;"ID";"KL"
9657;"ID";"MH"
9658;"AC";"OR"
9659;"AC";"TN"
9660;"AT";"RJ"
9661;"AT";"BR"
9662;"AT";"GJ"
9663;"AT";"KA"
9664;"LM";"MU"
9665;"AT";"MH"
9666;"ID";"AP"
9667;"AT";"DL"
9667;"MT";"RJ"
9668;"AT";"OR"
9669;"ID";"MP"
9670;"VI";"UE"
9671;"VI";"HR"
9672;"VI";"RJ"
9673;"VI";"MH"
9674;"VI";"KO"
9675;"VI";"UW"
9676;"AT";"AP"
9677;"AT";"TN"
9678;"AT";"AS"
9679;"AT&T";"Intl."
9679;"AT";"WB"
9680;"AT";"RJ"
9681;"RG";"KO"
9682;"CC";"UW"
9683;"CC";"HR"
9684;"CC";"MH"
9685;"AT";"MP"
9686;"AT";"KA"
9687;"VI";"GJ"
9688;"AC";"TN"
9689;"ID";"MH"
9690;"ID";"UW"
9691;"RG";"MP"
9691;"RJ";"MP"
9692;"RG";"OR"
9692;"RJ";"OR"
9693;"RG";"BR"
9693;"RJ";"BR"
9694;"ID";"RJ"
9695;"AT";"UE"
9696;"RG";"UE"
9696;"RJ";"UE"
9697;"AC";"JK"
9698;"AC";"TN"
9699;"RG";"MU"
9700;"AC";"AP"
9701;"AT";"AP"
9702;"ID";"MU"
9702;"VI";"MU"
9703;"VI";"AP"
9704;"AT";"AP"
9705;"ID";"AP"
9705;"VI";"AP"
9706;"VI";"AS"
9707;"AT";"AS"
9707;"RG";"AS"
9708;"ID";"BR"
9708;"VI";"BR"
9709;"VI";"BR"
9710;"AC";"CH"
9711;"VI";"DL"
9712;"VI";"GJ"
9713;"VI";"MP"
9714;"ID";"GJ"
9714;"VI";"GJ"
9715;"AC";"TN"
9716;"AC";"DL"
9717;"AT";"DL"
9718;"ID";"DL"
9718;"VI";"DL"
9719;"VI";"UW"
9720;"VI";"UW"
9721;"VI";"UE"
9722;"AC";"GJ"
9723;"ID";"GJ"
9723;"VI";"GJ"
9724;"AT";"GJ"
9725;"AT";"GJ"
9726;"VI";"GJ"
9727;"VI";"GJ"
9728;"ID";"HR"
9728;"VI";"HR"
9729;"AT";"HR"
9730;"AT";"MH"
9731;"AT";"KA"
9732;"VI";"WB"
9733;"VI";"WB"
9734;"VI";"WB"
9735;"VI";"WB"
9736;"VI";"HP"
9737;"ID";"GJ"
9737;"VI";"GJ"
9738;"AC";"KA"
9739;"VI";"KA"
9740;"AT";"KA"
9741;"AT";"KA"
9742;"VI";"KA"
9743;"ID";"KA"
9743;"VI";"KA"
9744;"ID";"KL"
9744;"VI";"KL"
9745;"VI";"KL"
9746;"AT";"KL"
9747;"ID";"KL"
9748;"AT";"KO"
9749;"RG";"WB"
9749;"RJ";"WB"
9750;"AC";"TN"
9751;"VI";"TN"
9752;"AT";"MP"
9753;"ID";"MP"
9754;"ID";"MP"
9755;"AT";"MP"
9756;"ID";"UW"
9757;"DP";"MU"
9758;"VI";"UW"
9759;"VI";"UW"
9760;"AT";"UW"
9761;"VI";"UW"
9762;"AC";"MH"
9763;"ID";"MH"
9764;"VI";"MH"
9765;"VI";"MH"
9766;"AT";"MH"
9767;"ID";"MH"
9768;"AC";"MU"
9769;"VI";"MU"
9770;"RG";"MP"
9770;"RJ";"MP"
9771;"AT";"BR"
9772;"VI";"RJ"
9773;"AT";"DL"
9773;"LM";"MU"
9774;"VI";"NE"
9775;"VI";"WB"
9776;"VI";"OR"
9777;"AT";"OR"
9778;"RG";"OR"
9779;"AT";"PB"
9780;"VI";"PB"
9781;"ID";"PB"
9782;"AC";"RJ"
9783;"VI";"RJ"
9784;"AT";"RJ"
9784;"AT";"TN"
9785;"ID";"RJ"
9786;"VI";"TN"
9787;"VI";"TN"
9788;"AC";"TN"
9789;"AT";"TN"
9790;"AT";"TN"
9791;"AT";"TN"
9792;"VI";"UE"
9793;"AT";"UE"
9794;"AT";"UE"
9795;"ID";"UE"
9796;"AT";"JK"
9796;"VI";"JK"
9797;"AT";"JK"
9798;"RG";"BR"
9798;"RJ";"BR"
9799;"AT";"RJ"
9800;"AT";"WB"
9801;"AT";"BR"
9802;"AC";"HR"
9803;"AC";"PB"
9804;"AC";"KO"
9805;"AT";"HP"
9806;"AC";"MP"
9807;"AC";"UE"
9808;"AC";"UW"
9808;"DC";"UW"
9809;"AC";"KL"
9810;"AT";"DL"
9811;"VI";"DL"
9812;"ID";"HR"
9812;"VI";"HR"
9813;"VI";"HR"
9814;"ID";"PB"
9814;"VI";"PB"
9815;"AT";"PB"
9816;"AT";"HP"
9817;"RG";"HP"
9817;"RJ";"HR"
9818;"AT";"DL"
9819;"VI";"MU"
9820;"VI";"MU"
9821;"AT";"DL"
9821;"LM";"MU"
9822;"ID";"MH"
9822;"VI";"MH"
9823;"VI";"MH"
9824;"ID";"GJ"
9824;"VI";"GJ"
9825;"VI";"GJ"
9826;"ID";"MP"
9826;"VI";"MP"
9827;"RG";"MP"
9828;"VI";"RJ"
9829;"AT";"RJ"
9830;"VI";"KO"
9831;"AT";"KO"
9832;"RG";"WB"
9832;"RJ";"WB"
9833;"VI";"MU"
9834;"AT";"MH"
9834;"AT";"MP"
9835;"RG";"BR"
9835;"RJ";"BR"
9836;"VI";"KO"
9837;"ID";"UW"
9837;"VI";"UW"
9838;"VI";"UE"
9839;"VI";"UE"
9840;"AT";"CH"
9841;"AC";"CH"
9842;"AC";"TN"
9843;"VI";"TN"
9844;"ID";"KA"
9844;"VI";"KA"
9845;"AT";"KA"
9846;"VI";"KL"
9847;"ID";"KL"
9847;"VI";"KL"
9848;"ID";"AP"
9848;"VI";"AP"
9849;"AT";"AP"
9850;"ID";"MH"
9850;"VI";"MH"
9851;"AC";"WB"
9852;"AC";"BR"
9853;"AC";"OR"
9854;"AC";"AS"
9855;"ID";"PB"
9856;"AC";"NE"
9857;"DC";"HP"
9857;"VD";"HP"
9858;"AC";"JK"
9859;"AC";"AS"
9860;"AT";"MH"
9861;"RG";"OR"
9861;"RJ";"OR"
9862;"AT";"NE"
9863;"RG";"NE"
9863;"RJ";"NE"
9864;"RG";"AS"
9864;"RJ";"AS"
9865;"AC";"TN"
9866;"AT";"AP"
9867;"AT";"MU"
9868;"DP";"DL"
9869;"DP";"MU"
9870;"AT";"DL"
9870;"LM";"MU"
9871;"AT";"DL"
9872;"AT";"PB"
9873;"VI";"DL"
9874;"VI";"KO"
9875;"MT";"RJ"
9875;"RJ";"KO"
9876;"AT";"PB"
9877;"PG";"PB"
9877;"RJ";"PB"
9878;"AT";"PB"
9879;"VI";"GJ"
9880;"AT";"KA"
9881;"ID";"MH"
9882;"ID";"HP"
9883;"RG";"KO"
9883;"RJ";"WB"
9884;"VI";"CH"
9885;"VI";"AP"
9886;"VI";"KA"
9887;"ID";"RJ"
9888;"VI";"PB"
9889;"ID";"UE"
9890;"AT";"MH"
9891;"ID";"DL"
9891;"VI";"DL"
9892;"AT";"MU"
9893;"AT";"MP"
9894;"AT";"TN"
9895;"AT";"KL"
9896;"AT";"HR"
9897;"AT";"UW"
9898;"AT";"GJ"
9899;"VI";"DL"
9900;"AT";"KA"
9901;"AT";"KA"
9902;"AT";"KA"
9903;"AT";"KO"
9904;"ID";"GJ"
9904;"VI";"GJ"
9905;"RG";"BR"
9905;"RJ";"BR"
9906;"AT";"JK"
9907;"RG";"MP"
9908;"AT";"AP"
9909;"VI";"GJ"
9910;"AT";"DL"
9911;"ID";"DL"
9911;"VI";"DL"
9912;"ID";"AP"
9912;"VI";"AP"
9913;"VI";"GJ"
9914;"ID";"PB"
9914;"VI";"PB"
9915;"AT";"PB"
9916;"VI";"KA"
9917;"ID";"UW"
9917;"VI";"UW"
9918;"VI";"UE"
9919;"VI";"UE"
9920;"VI";"MU"
9921;"ID";"MH"
9921;"VI";"MH"
9922;"ID";"MH"
9922;"VI";"MH"
9923;"VI";"MH"
9924;"ID";"GJ"
9924;"VI";"GJ"
9925;"VI";"GJ"
9926;"ID";"MP"
9926;"VI";"MP"
9927;"ID";"UW"
9927;"VI";"UW"
9928;"AT";"RJ"
9929;"AT";"RJ"
9930;"AT";"MU"
9930;"VI";"MU"
9931;"AT";"BR"
9932;"AT";"WB"
9933;"AT";"WB"
9934;"AT";"BR"
9935;"AT";"UE"
9936;"AT";"UE"
9937;"AT";"OR"
9938;"AT";"OR"
9939;"AT";"BR"
9940;"AT";"CH"
9941;"AC";"CH"
9942;"AC";"TN"
9943;"VI";"TN"
9944;"AT";"TN"
9945;"AT";"KA"
9946;"VI";"KL"
9947;"ID";"KL"
9947;"VI";"KL"
9948;"ID";"AP"
9948;"VI";"AP"
9949;"AT";"AP"
9950;"AT";"RJ"
9951;"ID";"AP"
9951;"VD";"AP"
9952;"AT";"TN"
9953;"VI";"DL"
9954;"AT";"AS"
9955;"AT";"BR"
9956;"AT";"UE"
9957;"AT";"AS"
9958;"AT";"DL"
9959;"AT";"AP"
9960;"AT";"MH"
9961;"ID";"KL"
9962;"VI";"CH"
9963;"AT";"AP"
9964;"ID";"KA"
9965;"AC";"TN"
9966;"VI";"AP"
9967;"AT";"MU"
9968;"DP";"DL"
9969;"DP";"MU"
9970;"AT";"MH"
9971;"AT";"DL"
9972;"AT";"KA"
9973;"AT";"BR"
9974;"AT";"GJ"
9975;"AT";"MH"
9976;"AC";"TN"
9977;"ID";"MP"
9977;"VI";"MP"
9978;"VI";"GJ"
9979;"VI";"GJ"
9980;"AT";"KA"
9981;"AT";"MP"
9982;"VI";"RJ"
9983;"VI";"RJ"
9984;"VI";"UE"
9985;"VI";"AP"
9986;"VI";"KA"
9987;"AT";"MU"
9988;"VI";"PB"
9989;"AT";"AP"
9990;"ID";"DL"
9990;"VI";"DL"
9991;"VI";"HR"
9992;"ID";"HR"
9992;"VI";"HR"
9993;"AT";"MP"
9994;"AT";"TN"
9995;"AT";"KL"
9996;"AT";"HR"
9997;"AT";"UW"
9998;"AT";"GJ"
9999;"VI";"DL"
